{
  "$schema": "https://json-schema.org/draft/2019-09/schema#",
  "type": "array",
  "items": [
    {
      "type": "object",
      "properties": {
        "supplier_name": {
          "type": "string"
        },
        "plan_name": {
          "type": "string"
        },
        "prices": {
          "type": "array",
          "items": [
            {
              "type": "object",
              "properties": {
                "rate": {
                  "type": "number"
                },
                "threshold": {
                  "type": "integer"
                }
              },
              "required": [
                "rate",
                "threshold"
              ]
            },
            {
              "type": "object",
              "properties": {
                "rate": {
                  "type": "integer"
                }
              },
              "required": [
                "rate"
              ]
            }
          ]
        }
      },
      "required": [
        "supplier_name",
        "plan_name",
        "prices"
      ]
    },
    {
      "type": "object",
      "properties": {
        "supplier_name": {
          "type": "string"
        },
        "plan_name": {
          "type": "string"
        },
        "prices": {
          "type": "array",
          "items": [
            {
              "type": "object",
              "properties": {
                "rate": {
                  "type": "number"
                },
                "threshold": {
                  "type": "integer"
                }
              },
              "required": [
                "rate",
                "threshold"
              ]
            },
            {
              "type": "object",
              "properties": {
                "rate": {
                  "type": "integer"
                }
              },
              "required": [
                "rate"
              ]
            }
          ]
        }
      },
      "required": [
        "supplier_name",
        "plan_name",
        "prices"
      ]
    },
    {
      "type": "object",
      "properties": {
        "supplier_name": {
          "type": "string"
        },
        "plan_name": {
          "type": "string"
        },
        "prices": {
          "type": "array",
          "items": [
            {
              "type": "object",
              "properties": {
                "rate": {
                  "type": "number"
                },
                "threshold": {
                  "type": "integer"
                }
              },
              "required": [
                "rate",
                "threshold"
              ]
            },
            {
              "type": "object",
              "properties": {
                "rate": {
                  "type": "number"
                },
                "threshold": {
                  "type": "integer"
                }
              },
              "required": [
                "rate",
                "threshold"
              ]
            },
            {
              "type": "object",
              "properties": {
                "rate": {
                  "type": "integer"
                }
              },
              "required": [
                "rate"
              ]
            }
          ]
        }
      },
      "required": [
        "supplier_name",
        "plan_name",
        "prices"
      ]
    },
    {
      "type": "object",
      "properties": {
        "supplier_name": {
          "type": "string"
        },
        "plan_name": {
          "type": "string"
        },
        "prices": {
          "type": "array",
          "items": [
            {
              "type": "object",
              "properties": {
                "rate": {
                  "type": "integer"
                }
              },
              "required": [
                "rate"
              ]
            }
          ]
        },
        "standing_charge": {
          "type": "integer"
        }
      },
      "required": [
        "supplier_name",
        "plan_name",
        "prices",
        "standing_charge"
      ]
    }
  ]
}